{
	"credit": "Made with Blockbench",
	"texture_size": [32, 32],
	"textures": {
		"0": "ancientspellcraft:items/sage_tome_novice_earth"
,
		"particle": "block/texture"
	},
	"elements": [
		{
			"from": [7, 2, 3],
			"to": [9, 2, 13],
			"faces": {
				"north": {"uv": [0, 16, 1, 16], "texture": "#0"},
				"east": {"uv": [-5, 16, 0, 16], "texture": "#0"},
				"south": {"uv": [6, 16, 7, 16], "texture": "#0"},
				"west": {"uv": [1, 16, 6, 16], "texture": "#0"},
				"up": {"uv": [1, 16, 0, 11], "texture": "#0"},
				"down": {"uv": [2, 11, 1, 16], "texture": "#0"}
			}
		},
		{
			"from": [1.53246, 1.61739, 3],
			"to": [7.53246, 1.61739, 13],
			"rotation": {"angle": -22.5, "axis": "z", "origin": [8.22798, 3.14813, 8]},
			"faces": {
				"north": {"uv": [0, 16, 3, 16], "texture": "#0"},
				"east": {"uv": [-5, 16, 0, 16], "texture": "#0"},
				"south": {"uv": [8, 16, 11, 16], "texture": "#0"},
				"west": {"uv": [3, 16, 8, 16], "texture": "#0"},
				"up": {"uv": [3, 16, 0, 11], "texture": "#0"},
				"down": {"uv": [6, 11, 3, 16], "texture": "#0"}
			}
		},
		{
			"from": [2.53246, 1.71739, 4],
			"to": [7.93246, 2.71739, 12],
			"rotation": {"angle": -22.5, "axis": "z", "origin": [8.22798, 4.24813, 8]},
			"faces": {
				"north": {"uv": [6.5, 4, 4, 4.5], "texture": "#0"},
				"east": {"uv": [10.5, 4, 6.5, 4.5], "texture": "#0"},
				"south": {"uv": [13, 4, 10.5, 4.5], "texture": "#0"},
				"west": {"uv": [4, 4, 0, 4.5], "texture": "#0"},
				"up": {"uv": [4, 4, 6.5, 0], "texture": "#0"},
				"down": {"uv": [6.5, 0, 9, 4], "texture": "#0"}
			}
		},
		{
			"from": [8.46754, 1.61739, 3],
			"to": [14.46754, 1.61739, 13],
			"rotation": {"angle": 22.5, "axis": "z", "origin": [7.77202, 3.14813, 8]},
			"faces": {
				"north": {"uv": [0, 16, 3, 16], "texture": "#0"},
				"east": {"uv": [-5, 16, 0, 16], "texture": "#0"},
				"south": {"uv": [8, 16, 11, 16], "texture": "#0"},
				"west": {"uv": [3, 16, 8, 16], "texture": "#0"},
				"up": {"uv": [3, 16, 0, 11], "texture": "#0"},
				"down": {"uv": [6, 11, 3, 16], "texture": "#0"}
			}
		},
		{
			"from": [7, 2.001, 4],
			"to": [9, 3.001, 12],
			"faces": {
				"north": {"uv": [7, 4, 8, 4.5], "texture": "#0"},
				"east": {"uv": [3, 4, 7, 4.5], "texture": "#0"},
				"south": {"uv": [12, 4, 13, 4.5], "texture": "#0"},
				"west": {"uv": [8, 4, 12, 4.5], "texture": "#0"},
				"up": {"uv": [8, 4, 7, 0], "texture": "#0"},
				"down": {"uv": [9, 0, 8, 4], "texture": "#0"}
			}
		},
		{
			"from": [8.06754, 1.71739, 4],
			"to": [13.46754, 2.71739, 12],
			"rotation": {"angle": 22.5, "axis": "z", "origin": [7.77202, 4.24813, 8]},
			"faces": {
				"north": {"uv": [4, 4, 6.5, 4.5], "texture": "#0"},
				"east": {"uv": [0, 4, 4, 4.5], "texture": "#0"},
				"south": {"uv": [10.5, 4, 13, 4.5], "texture": "#0"},
				"west": {"uv": [6.5, 4, 10.5, 4.5], "texture": "#0"},
				"up": {"uv": [6.5, 4, 4, 0], "texture": "#0"},
				"down": {"uv": [9, 0, 6.5, 4], "texture": "#0"}
			}
		}
	]
}