{
	"format_version": "1.12.0",
	"minecraft:geometry": [
		{
			"description": {
				"identifier": "geometry.fey_armor",
				"texture_width": 64,
				"texture_height": 64,
				"visible_bounds_width": 8,
				"visible_bounds_height": 6.5,
				"visible_bounds_offset": [0, 2.75, 0]
			},
			"bones": [
				{
					"name": "bipedHead",
					"pivot": [0, 24, 0]
				},
				{
					"name": "armorHead",
					"parent": "bipedHead",
					"pivot": [0, 24, 0],
					"cubes": [
						{"origin": [-2.25, 27.975, -1.75], "size": [4.5, 4.275, 4], "uv": [18, 36]},
						{"origin": [1.83393, 30.55538, 4.7192], "size": [1, 2, 0], "pivot": [2.33393, 32.05538, 4.6192], "rotation": [-177.73397, 1.05627, -24.97911], "uv": [50, 16]},
						{"origin": [3.35415, 27.11682, -0.84041], "size": [2, 2, 0], "pivot": [4.55415, 28.11682, -0.24041], "rotation": [-89.32432, 50.03597, 80.52721], "uv": [49, 16]},
						{"origin": [2.59521, 33.35858, -1.95654], "size": [2, 2, 0], "pivot": [3.59521, 33.85858, -1.95654], "rotation": [8.61775, -34.05444, -37.64371], "uv": [49, 16]},
						{"origin": [13.25, 36.11316, 3.10023], "size": [2, 2, 0], "pivot": [7.25, 35.86316, 1.60023], "rotation": [-90.33769, -14.97839, 97.58022], "uv": [49, 16]},
						{"origin": [8.25, 33.36022, 6.82311], "size": [1, 1, 0], "pivot": [6.75, 35.96022, 3.82311], "rotation": [-89.35257, -2.41476, 74.98635], "uv": [45, 15]},
						{"origin": [1.05, 35.54135, -2.89929], "size": [2, 1, 0], "pivot": [-1.25, 35.84135, 1.10071], "rotation": [-89.2478, -2.38422, 72.48435], "uv": [49, 17]},
						{"origin": [-5.75, 37.42859, 3.3988], "size": [1, 2, 0], "pivot": [-4, 35.92859, 3.0988], "rotation": [-89.13108, -60.03508, -80.76211], "uv": [50, 16]},
						{"origin": [-1, 28.68003, 4.88684], "size": [2, 2, 0], "pivot": [0, 29.68003, 4.88684], "rotation": [-0.44067, -9.99039, -87.46148], "uv": [41, 34]},
						{"origin": [0.07438, 39.12521, 7.0057], "size": [1, 1, 0], "pivot": [2.17438, 35.82521, 5.6057], "rotation": [-177.78217, 1.15408, -27.47766], "uv": [50, 17]},
						{"origin": [-8.59435, 29.5358, -2.77098], "size": [1, 2, 0], "pivot": [-4.79435, 30.5358, -2.17098], "rotation": [-90.74628, 29.91282, -105.35854], "uv": [50, 16]},
						{"origin": [-3.95548, 33.99245, -0.8423], "size": [1, 1, 0], "pivot": [-3.45548, 34.49245, -0.8423], "rotation": [-89.35249, -2.58492, -75.04284], "uv": [50, 17]},
						{"origin": [-5.38015, 31.70158, -2.66107], "size": [1, 1, 0], "pivot": [-4.88015, 32.20158, -2.66107], "rotation": [-70.1325, -51.62249, 29.75504], "uv": [50, 16]},
						{"origin": [-6.02374, 28.74635, 2.43063], "size": [2, 2, 0], "pivot": [-5.27374, 30.04635, 2.43063], "rotation": [121.69365, 34.69042, -96.6471], "uv": [49, 16]}
					]
				},
				{
					"name": "horn",
					"parent": "armorHead",
					"pivot": [-4, 31, 0.125],
					"rotation": [0, 15, 0],
					"cubes": [
						{"origin": [-6, 26.25, 4], "size": [5.5, 1.25, 1.25], "pivot": [-3.75, 27.125, 4.125], "rotation": [0, -27.5, 15], "uv": [20, 28]},
						{"origin": [-4.68864, 36.51551, -0.65], "size": [3, 1, 1.25], "pivot": [-5.06364, 35.71551, -2.625], "rotation": [43.59336, -5.61676, 115.59654], "uv": [16, 25]},
						{"origin": [-8.73937, 28.47969, 0.25], "size": [6.25, 1.25, 1], "pivot": [-5.48937, 28.85469, 1.125], "rotation": [-109.8255, -52.0392, 107.15511], "uv": [7, 22]},
						{"origin": [-10.49594, 38.82921, 3.85], "size": [3.75, 1.25, 1.05], "pivot": [-10.74594, 33.45421, 0.125], "rotation": [-83.19533, 74.90578, 9.6335], "uv": [25, 20]},
						{"origin": [-4.97342, 28.65227, -2.70603], "size": [1.55, 1.15, 0.85], "pivot": [-4.19842, 29.17727, -2.28103], "rotation": [-21.63402, -45.41054, 100.77241], "uv": [16, 25]},
						{"origin": [-7.22138, 27.18966, 4.25], "size": [5, 1.25, 1.25], "pivot": [-3.72138, 27.81466, 5.125], "rotation": [-17.85886, -11.87385, 50.61158], "uv": [8, 22]},
						{"origin": [-7.06152, 30.86557, 2.52915], "size": [4.25, 1.25, 1], "pivot": [-4.93652, 31.49057, 3.02915], "rotation": [-13.28982, -46.03805, 118.16723], "uv": [16, 25]}
					]
				},
				{
					"name": "horn3",
					"parent": "armorHead",
					"pivot": [4, 31, 0.125],
					"rotation": [0, -15, 0],
					"cubes": [
						{"origin": [0.5, 26.25, 4], "size": [5.5, 1.25, 1.25], "pivot": [3.75, 27.125, 4.125], "rotation": [0, 27.5, -15], "uv": [20, 16], "mirror": true},
						{"origin": [4.93864, 34.26551, 0], "size": [4.25, 1, 1], "pivot": [7.56364, 31.71551, 0.625], "rotation": [-15.69753, 20.94353, -103.66292], "uv": [16, 25], "mirror": true},
						{"origin": [2.48937, 28.72969, 0.25], "size": [6.25, 1.25, 1], "pivot": [5.48937, 28.85469, 1.125], "rotation": [-109.8255, 52.0392, -107.15511], "uv": [8, 24], "mirror": true},
						{"origin": [4.44594, 33.57921, -0.4], "size": [1.75, 1, 1], "pivot": [4.94594, 33.20421, 0.475], "rotation": [-34.41331, 42.22803, -129.81453], "uv": [25, 20], "mirror": true},
						{"origin": [2.93864, 33.86551, -0.75], "size": [1.5, 1, 1], "pivot": [3.81364, 33.96551, -0.375], "rotation": [-26.33844, -8.64738, -100.27269], "uv": [27, 18], "mirror": true},
						{"origin": [-0.88431, 30.46627, 3.5], "size": [6, 1.25, 1.25], "pivot": [6.01569, 31.09127, 5.125], "rotation": [4.6653, 16.88547, -39.30716], "uv": [8, 22], "mirror": true},
						{"origin": [2.37595, 32.54463, 3.25], "size": [2.25, 1.25, 1.25], "pivot": [5.20095, 32.66963, 4.125], "rotation": [-5, 12.5, -95], "uv": [16, 25], "mirror": true}
					]
				},
				{
					"name": "horn2",
					"parent": "armorHead",
					"pivot": [-3.25, 30.25, -7.875],
					"rotation": [0, -22.5, 0],
					"cubes": [
						{"origin": [-5.25, 31.1, -3], "size": [5, 1.25, 1.25], "pivot": [-2, 32.375, -1.875], "rotation": [-102.89949, -56.6724, 118.41115], "uv": [15, 16]},
						{"origin": [-2.2984, 31.04566, 3.30474], "size": [3.25, 1, 1], "pivot": [-0.9234, 31.54566, 3.80474], "rotation": [12.79362, -12.19908, 47.25285], "uv": [16, 25]}
					]
				},
				{
					"name": "bone",
					"parent": "horn2",
					"pivot": [-12.31364, 35.64051, -9.625],
					"rotation": [0, -20, 0],
					"cubes": [
						{"origin": [5.93947, 29.22969, -11.36612], "size": [3, 1, 1], "pivot": [7.93947, 29.22969, -10.86612], "rotation": [11.69208, -48.97354, -15.33981], "uv": [7, 22]},
						{"origin": [8.04658, 30.05104, -11.71929], "size": [3.75, 1.25, 1.25], "pivot": [9.17158, 30.42604, -11.09429], "rotation": [-65.78708, -49.16429, 87.52337], "uv": [25, 20]},
						{"origin": [-0.46642, 28.76551, -3.54951], "size": [3, 0.75, 0.75], "pivot": [1.03358, 29.14051, -3.17451], "rotation": [0, 160, 0], "uv": [16, 25]}
					]
				},
				{
					"name": "bone2",
					"parent": "bone",
					"pivot": [-11.67094, 33.17921, -9.85],
					"rotation": [37.5, 0, 0],
					"cubes": [
						{"origin": [-1.69356, 31.10757, -8.97385], "size": [1.25, 0.75, 0.75], "pivot": [-1.06856, 31.48257, -8.09885], "rotation": [-53.17816, 1.32185, 33.40396], "uv": [16, 25]},
						{"origin": [-1.00478, 32.84541, -9.61213], "size": [2, 1.25, 1.25], "pivot": [0.09522, 33.57041, -8.98713], "rotation": [-20.35844, -13.63305, -83.30132], "uv": [4, 18]}
					]
				},
				{
					"name": "horn4",
					"parent": "armorHead",
					"pivot": [3.25, 30.25, -7.875],
					"rotation": [0, 22.5, 0],
					"cubes": [
						{"origin": [0.15, 31.3, -3.1], "size": [5, 1.25, 1.25], "pivot": [2, 32.375, -1.875], "rotation": [-102.89949, 56.6724, -118.41115], "uv": [15, 16], "mirror": true},
						{"origin": [-0.63051, 32.78883, -3.5], "size": [3.5, 0.75, 0.75], "pivot": [2.24449, 33.16383, -2.875], "rotation": [17.5, 47.5, -85], "uv": [16, 25], "mirror": true}
					]
				},
				{
					"name": "bone3",
					"parent": "horn4",
					"pivot": [12.31364, 35.64051, -9.625],
					"rotation": [0, 20, 0],
					"cubes": [
						{"origin": [1.0054, 31.23115, -6.12375], "size": [1.25, -0.75, -0.75], "pivot": [1.6304, 30.85615, -6.49875], "rotation": [-19.20233, 40.35494, -45.74421], "uv": [12, 30], "mirror": true},
						{"origin": [-1.59653, 30.17667, -6.02961], "size": [3.25, 0.75, 0.75], "pivot": [0.77847, 30.55167, -5.65461], "rotation": [7.99782, 38.79376, -3.06088], "uv": [16, 25], "mirror": true}
					]
				},
				{
					"name": "bone4",
					"parent": "bone3",
					"pivot": [11.67094, 33.17921, -9.85],
					"rotation": [37.5, 0, 0],
					"cubes": [
						{"origin": [-8.92585, 22.94432, -6.34087], "size": [3.25, 1, 1], "pivot": [-6.30085, 24.56932, -4.21587], "rotation": [-36.33975, -37.2889, 41.42499], "uv": [16, 25], "mirror": true},
						{"origin": [-1.56633, 32.95033, -9.30716], "size": [2, 1.25, 1.25], "pivot": [-0.36633, 33.57533, -8.98216], "rotation": [24.50774, -16.54888, -97.86365], "uv": [2, 27], "mirror": true}
					]
				},
				{
					"name": "bipedBody",
					"pivot": [0, 24, 0]
				},
				{
					"name": "armorBody",
					"parent": "bipedBody",
					"pivot": [0, 24, 0],
					"cubes": [
						{"origin": [-4.3, 12, -2.35], "size": [8.6, 12.25, 4.6], "uv": [40, 48]},
						{"origin": [-4.35, 23.75, -2.45], "size": [8.7, 0.75, 4.9], "uv": [35, 24]}
					]
				},
				{
					"name": "wings",
					"parent": "armorBody",
					"pivot": [0, 24, 0]
				},
				{
					"name": "left_wing",
					"parent": "wings",
					"pivot": [1.7125, 17, 2],
					"cubes": [
						{"origin": [1.6, 17, 1.9], "size": [0.225, 11.25, 12.2], "uv": [15, 34]},
						{"origin": [1.6, 9.75, 1.9], "size": [0.225, 7.25, 12.2], "uv": [15, 45]}
					]
				},
				{
					"name": "right_wing",
					"parent": "wings",
					"pivot": [-1.4875, 17, 2],
					"cubes": [
						{"origin": [-1.575, 17, 1.9], "size": [0.175, 11.25, 12.2], "uv": [15, 34]},
						{"origin": [-1.575, 9.75, 1.9], "size": [0.175, 7.25, 12.2], "uv": [15, 45]}
					]
				},
				{
					"name": "belt",
					"parent": "armorBody",
					"pivot": [0, 13.5, -2.25],
					"cubes": [
						{"origin": [-0.7, 11.95, -2.85], "size": [1, 1, 1], "pivot": [0, 12.5, -2.05], "rotation": [0, 0, 90], "uv": [0, 27]},
						{"origin": [-0.90711, 11, -2.675], "size": [1, 1, 1], "pivot": [-0.70711, 13, -2.175], "rotation": [0, 0, 90], "uv": [0, 25]},
						{"origin": [0.075, 14.94822, -2.75], "size": [1, 1, 1], "pivot": [0, 13.32322, -2.25], "rotation": [0, 0, 90], "uv": [0, 23]},
						{"origin": [-4.55, 11.5, -2.65], "size": [9.1, 2.25, 5.2], "uv": [0, 22]}
					]
				},
				{
					"name": "necklace",
					"parent": "armorBody",
					"pivot": [0, 22.25, -24.45],
					"cubes": [
						{"origin": [-4.5, 20.04289, 1.475], "size": [9, 4, 1], "uv": [0, 22]},
						{"origin": [-4.42959, 20.42647, -2.575], "size": [9, 4, 1], "uv": [0, 16]},
						{"origin": [-5.55003, 23.19069, -2.775], "size": [1, 2.7, 5.45], "pivot": [-4.33753, 23.99069, -3.1375], "rotation": [0, 0, -107], "uv": [47, 8], "mirror": true},
						{"origin": [0.64228, 21.30808, -2.916], "size": [2, 1, 1], "pivot": [1.64228, 21.10808, -3.116], "rotation": [-15.27269, 8.64738, 28.83844], "uv": [22, 26]},
						{"origin": [-5.70104, 23.1709, -2.675], "size": [2.6, 1, 5.45], "pivot": [-3.40104, 23.91863, -3.1875], "rotation": [0, 0, 13], "uv": [52, 6], "mirror": true},
						{"origin": [-5.12484, 20.92487, -2.825], "size": [1, 2.8, 5.45], "pivot": [-4.62484, 22.32487, -0.1], "rotation": [0, 0, -121], "uv": [54, 10]},
						{"origin": [-0.90772, 19.65944, -2.9], "size": [2, 1, 1], "pivot": [0.09228, 20.15944, -2.5], "rotation": [0, 0, 90], "uv": [22, 26]},
						{"origin": [-1.85772, 19.65944, -2.7], "size": [1, 3, 1], "pivot": [-1.35772, 21.15944, -2.5], "rotation": [7.5, 0, 52.5], "uv": [22, 26]},
						{"origin": [-2.95772, 20.55944, -2.7], "size": [1, 3, 1], "pivot": [-2.05772, 22.05944, -2.2], "rotation": [7.32417, -1.61888, 102.39638], "uv": [22, 26]},
						{"origin": [-0.95165, 21.01906, -3], "size": [2, 2, 1], "pivot": [0.04835, 22.01906, -2.5], "rotation": [0, 0, 45], "uv": [50, 13]},
						{"origin": [-0.56902, 22.2013, -2.86854], "size": [3, 1, 1], "pivot": [0.93098, 22.7013, -2.16854], "rotation": [-0.20407, -2.08826, -36.852], "uv": [0, 31]},
						{"origin": [-3.05772, 19.55944, -2.65], "size": [2, 1, 1], "pivot": [-2.05772, 20.05944, -2.25], "rotation": [0, 5, 77.5], "uv": [6, 28]},
						{"origin": [4.65483, 22.71025, -2.775], "size": [1, 2.7, 5.45], "pivot": [4.40483, 23.91025, 0.025], "rotation": [0, 0, 107], "uv": [47, 8], "mirror": true},
						{"origin": [1.24228, 19.95944, -2.8], "size": [1, 1, 0], "pivot": [1.74228, 20.45944, -2.8], "rotation": [0, 15, 90], "uv": [37, 22]},
						{"origin": [2.24228, 11.85944, -1.5], "size": [0, 2, 1], "pivot": [0.44228, 18.05944, -3.5], "rotation": [-137.5, -77.5, -90], "uv": [36, 22]},
						{"origin": [2.98609, 23.3709, -2.675], "size": [2.6, 1, 5.45], "pivot": [3.98609, 23.5709, -0.175], "rotation": [0, 0, -13], "uv": [52, 6]},
						{"origin": [1.44228, 21.05944, -2.7], "size": [1, 4, 1], "pivot": [1.94228, 22.05944, -2.5], "rotation": [-7.5, 0, 90], "uv": [11, 28]},
						{"origin": [-3.74997, 17.67623, 1.4], "size": [6, 6, 1], "pivot": [0.05003, 21.37623, 2.1], "rotation": [0, 0, -45], "uv": [0, 0]},
						{"origin": [9.39831, 21.08779, -2.825], "size": [1, 2.8, 5.45], "pivot": [6.97331, 24.06279, -18.0125], "rotation": [0, 0, 121], "uv": [54, 10], "mirror": true},
						{"origin": [-0.92678, 18.44706, -2.475], "size": [6, 6, 1], "pivot": [0.07322, 23.44706, 8.225], "rotation": [0, 0, 45], "uv": [0, 0], "mirror": true},
						{"origin": [-4.19697, 16.35598, -2.475], "size": [7, 7, 0], "pivot": [0.05303, 20.60598, -2.175], "rotation": [0, 0, -45], "uv": [0, 7]}
					]
				},
				{
					"name": "bipedRightArm",
					"pivot": [-4, 22, 0]
				},
				{
					"name": "armorRightArm",
					"parent": "bipedRightArm",
					"pivot": [-4, 22, 0],
					"cubes": [
						{"origin": [-8.35, 14.6, -2.375], "size": [4.65, 2, 4.725], "uv": [47, 0]},
						{"origin": [-8.35, 17, -2.375], "size": [4.65, 2, 4.725], "uv": [48, 0], "mirror": true},
						{"origin": [-8.45, 21.25, -2.225], "size": [4.525, 3.95, 4.525], "uv": [0, 23]},
						{"origin": [-7.20416, 23.00525, 0.09847], "size": [1, 4, 1], "pivot": [-6.70416, 25.50525, 0.59847], "rotation": [-54.96013, -52.30155, -20.28592], "uv": [0, 18]},
						{"origin": [-6.5, 20, 1.775], "size": [1, 5.25, 1], "pivot": [-6, 23.125, 2.275], "rotation": [0, 0, -22.5], "uv": [27, 19], "mirror": true},
						{"origin": [-9.35, 19.75, -1.075], "size": [1, 4.25, 1], "pivot": [-8.85, 21.875, -0.575], "rotation": [-20, 0, 0], "uv": [1, 29], "mirror": true},
						{"origin": [-6.9, 21.25, -2.475], "size": [1, 5.25, 1], "pivot": [-7.1, 23.875, -1.975], "rotation": [0, 0, 40], "uv": [7, 22], "mirror": true},
						{"origin": [-7.8, 21.75, -3.175], "size": [2, 2, 0], "pivot": [-7.1, 22.375, -2.575], "rotation": [0.47633, -28.50772, -57.99842], "uv": [43, 20], "mirror": true},
						{"origin": [-7.6, 21.75, 2.925], "size": [1, 2, 0], "pivot": [-7.1, 22.75, 2.625], "rotation": [10.30456, 7.62966, 37.03121], "uv": [37, 22], "mirror": true},
						{"origin": [-19.7625, 25.6, -0.8375], "size": [1, 2, 0], "pivot": [-12.7625, 23.125, -1.9375], "rotation": [-162.5, 37.5, 180], "uv": [37, 21]},
						{"origin": [-8.7625, 22.3, -1.5875], "size": [1, 1, 0], "pivot": [-8.7625, 22.5, -1.1875], "rotation": [-172.5, 37.5, 180], "uv": [37, 22], "mirror": true},
						{"origin": [-7.8125, 22, 1.6125], "size": [1, 3.25, 1], "pivot": [-7.5125, 23.625, 2.1125], "rotation": [-89.99999, 77.5, -62.49999], "uv": [4, 29], "mirror": true},
						{"origin": [-9.2625, 20.7, 0.8125], "size": [1, 2.25, 0], "pivot": [-8.7625, 22.125, 0.8125], "rotation": [90, 70, 90], "uv": [44, 19], "mirror": true},
						{"origin": [-6.6, 19.75, 0.475], "size": [1, 4.25, 1], "pivot": [-7, 22.875, 2.975], "rotation": [-63.42505, 49.41933, 8.84179], "uv": [19, 22], "mirror": true},
						{"origin": [-6.5, 20.15, -2.525], "size": [1, 4.25, 1], "pivot": [-5.1, 23.875, -2.025], "rotation": [-7.5, 0, -10], "uv": [11, 30], "mirror": true},
						{"origin": [-8.02799, 23.58918, -0.67084], "size": [1, 3.75, 1], "pivot": [-7.52799, 25.46418, -0.17084], "rotation": [105.47532, -19.82169, 4.78006], "uv": [3, 20], "mirror": true},
						{"origin": [-7.6, 25.75, -0.525], "size": [1, 1.25, 0], "pivot": [-7.1, 26.375, -0.525], "rotation": [0, 0, -15], "uv": [35, 27], "mirror": true}
					]
				},
				{
					"name": "bipedLeftArm",
					"pivot": [4, 22, 0]
				},
				{
					"name": "armorLeftArm",
					"parent": "bipedLeftArm",
					"pivot": [4, 22, 0],
					"cubes": [
						{"origin": [5.85897, 19.99952, 1.475], "size": [1, 6, 1], "pivot": [6.35897, 22.49952, 1.975], "rotation": [5, 0, 30], "uv": [8, 25], "mirror": true},
						{"origin": [3.925, 21.25, -2.225], "size": [4.525, 3.95, 4.525], "uv": [0, 23], "mirror": true},
						{"origin": [3.7, 14.6, -2.375], "size": [4.65, 2, 4.725], "uv": [47, 0], "mirror": true},
						{"origin": [3.7, 17, -2.375], "size": [4.65, 2, 4.725], "uv": [48, 0]},
						{"origin": [5.875, 25.75, -3.475], "size": [1, 1, 0], "pivot": [6.375, 26.25, -2.575], "rotation": [52.5, 0, -22.5], "uv": [37, 22]},
						{"origin": [5.26298, 25.41011, -2.01034], "size": [1, 3, 1], "pivot": [6.01298, 25.51011, -1.81034], "rotation": [-99.96271, -0.86717, -27.42442], "uv": [11, 27]},
						{"origin": [5.8, 19.75, -2.775], "size": [1.075, 6, 1], "pivot": [6.3375, 24.375, -2.375], "rotation": [0, 0, -25], "uv": [8, 25]},
						{"origin": [7.25923, 25.55182, 1.17482], "size": [1, 2, 0], "pivot": [7.35923, 26.55182, 1.17482], "rotation": [7.5, 0, -142.5], "uv": [50, 16]},
						{"origin": [6.2, 19.25, -2.776], "size": [1, 4, 1], "pivot": [6.2, 23, -2.276], "rotation": [0, 0, 17.5], "uv": [5, 25], "mirror": true},
						{"origin": [7.5625, 21.6, -1.1125], "size": [2, 2, 0], "pivot": [9.0625, 21, -0.6125], "rotation": [-70.4409, -45.08403, 49.90659], "uv": [49, 16]},
						{"origin": [5.08785, 21.69623, -4.40472], "size": [2.075, 1, 0], "pivot": [5.12535, 21.19623, -2.60472], "rotation": [85.41153, -15.84019, -48.64788], "uv": [49, 16]},
						{"origin": [4.95612, 22.65, 2.74012], "size": [1, 1, 0], "pivot": [5.45612, 23.15, 2.44012], "rotation": [-30, 5, 0], "uv": [50, 17]},
						{"origin": [7.53398, 23.99428, -0.51348], "size": [0.8, 3, 0.8], "pivot": [7.93398, 25.49428, -0.11348], "rotation": [97.25819, 12.39275, -42.82236], "uv": [10, 30]},
						{"origin": [8.38693, 20.19983, 0.375], "size": [1, 5, 1.2], "pivot": [8.88693, 22.69983, 0.975], "rotation": [0, 0, -5], "uv": [8, 36]},
						{"origin": [7.83421, 24.46073, 0.476], "size": [1, 2, 1], "pivot": [8.33421, 25.46073, 0.976], "rotation": [0, 0, -37.5], "uv": [25, 27]},
						{"origin": [5.875, 26.25, 0.475], "size": [1, 3, 1], "pivot": [7.375, 26.75, 0.975], "rotation": [0, 0, -120], "uv": [20, 22]}
					]
				},
				{
					"name": "bipedRightLeg",
					"pivot": [-2, 12, 0]
				},
				{
					"name": "armorRightLeg",
					"parent": "bipedRightLeg",
					"pivot": [-2, 12, 0],
					"cubes": [
						{"origin": [-4.15, 1, -2.075], "size": [4.2, 4.25, 4.2], "uv": [43, 55], "mirror": true},
						{"origin": [-3.325, 5, -2.65], "size": [2.075, 6.55, 5.2], "uv": [42, 19], "mirror": true},
						{"origin": [-4.45, 5, -2.55], "size": [4.9, 7, 5], "uv": [43, 51]}
					]
				},
				{
					"name": "armorRightBoot",
					"parent": "bipedRightLeg",
					"pivot": [-2, 12, 0],
					"cubes": [
						{"origin": [-4.2, -0.401, -2.2], "size": [4.3, 6.4, 4.35], "uv": [0, 21]},
						{"origin": [-5.525, 0.2, 3.425], "size": [1.075, 1.25, 0], "pivot": [-5.7875, 2.125, 2.425], "rotation": [-128.60035, 53.37818, -162.32332], "uv": [37, 22]},
						{"origin": [-3.25, 2.9, -2.275], "size": [1, 1, 0], "pivot": [-2.7875, 3.125, -2.275], "rotation": [5.41054, 5.79588, 18.6527], "uv": [37, 22]},
						{"origin": [-1.85, 0.5, -2.275], "size": [1, 2, 0], "pivot": [-1.05, 1.5, -2.275], "rotation": [0, 0, 35], "uv": [37, 22], "mirror": true},
						{"origin": [-6.525, -2, 2.825], "size": [2.075, 2.25, 0], "pivot": [-7.2875, 2.625, 2.325], "rotation": [-10, -15, -77.5], "uv": [37, 22]},
						{"origin": [-3.85, 1.6, -2.35], "size": [5.3, 1, 4.7], "pivot": [-2.15, 0.5, 0.05], "rotation": [0, 0, -35], "uv": [0, 24]}
					]
				},
				{
					"name": "bipedLeftLeg",
					"pivot": [2, 12, 0]
				},
				{
					"name": "armorLeftLeg",
					"parent": "bipedLeftLeg",
					"pivot": [2, 12, 0],
					"cubes": [
						{"origin": [-0.45, 5, -2.55], "size": [4.9, 7, 5], "uv": [46, 52], "mirror": true},
						{"origin": [1.175, 5, -2.65], "size": [2.075, 6.55, 5.2], "uv": [43, 18]},
						{"origin": [-0.15, 1, -2.174], "size": [4.2, 4.25, 4.2], "uv": [48, 55], "mirror": true}
					]
				},
				{
					"name": "armorLeftBoot",
					"parent": "bipedLeftLeg",
					"pivot": [2, 12, 0],
					"cubes": [
						{"origin": [-0.1, -0.401, -2.2], "size": [4.3, 6.4, 4.35], "uv": [5, 19], "mirror": true},
						{"origin": [-0.425, 2, -2.35], "size": [5.3, 1, 4.7], "pivot": [2.075, 2.5, 0.05], "rotation": [0, 0, 32.5], "uv": [0, 17], "mirror": true},
						{"origin": [0.775, 0.5, 2.426], "size": [1.075, 1.25, 0], "pivot": [1.7125, 1.625, 2.276], "rotation": [0, -10, 77.5], "uv": [37, 22], "mirror": true},
						{"origin": [2.775, 1.5, -2.576], "size": [1.075, 2.05, 0], "pivot": [3.7125, 3.425, -3.326], "rotation": [10, 0, 72.5], "uv": [37, 22]},
						{"origin": [2.45, 3.0521, 2.27184], "size": [1, 1.25, 0], "pivot": [4.15, 2.7771, 1.87184], "rotation": [-9.85108, -1.72794, -9.85108], "uv": [46, 30]},
						{"origin": [4.45, 1.61996, 1.106], "size": [0, 1.25, 1], "pivot": [4.25, 9.48988, 0.01563], "rotation": [-25, 0, 0], "uv": [40, 25], "mirror": true}
					]
				},
				{
					"name": "PlayerSkinReference",
					"pivot": [0, 24, 0]
				},
				{
					"name": "Head",
					"parent": "PlayerSkinReference",
					"pivot": [0, 24, 0]
				},
				{
					"name": "Body",
					"parent": "PlayerSkinReference",
					"pivot": [0, 24, 0]
				},
				{
					"name": "RightArm",
					"parent": "PlayerSkinReference",
					"pivot": [-5, 22, 0]
				},
				{
					"name": "LeftArm",
					"parent": "PlayerSkinReference",
					"pivot": [5, 22, 0]
				},
				{
					"name": "RightLeg",
					"parent": "PlayerSkinReference",
					"pivot": [-1.9, 12, 0]
				},
				{
					"name": "LeftLeg",
					"parent": "PlayerSkinReference",
					"pivot": [1.9, 12, 0]
				}
			]
		}
	]
}