{
	"format_version": "1.12.0",
	"minecraft:geometry": [
		{
			"description": {
				"identifier": "geometry.fey_armor",
				"texture_width": 64,
				"texture_height": 64,
				"visible_bounds_width": 8,
				"visible_bounds_height": 6.5,
				"visible_bounds_offset": [0, 2.75, 0]
			},
			"bones": [
				{
					"name": "bipedHead",
					"pivot": [0, 24, 0]
				},
				{
					"name": "armorHead",
					"parent": "bipedHead",
					"pivot": [0, 24, 0],
					"cubes": [
						{"origin": [-4.25, 23.975, -3.75], "size": [8.5, 8.275, 8], "uv": [23, 0]},
						{"origin": [1.83393, 30.55538, 4.7192], "size": [1, 2, 0], "pivot": [2.33393, 32.05538, 4.6192], "rotation": [-177.73397, 1.05627, -24.97911], "uv": [46, 14]},
						{"origin": [3.35415, 27.11682, -0.84041], "size": [2, 2, 0], "pivot": [4.55415, 28.11682, -0.24041], "rotation": [-89.32432, 50.03597, 80.52721], "uv": [51, 16]},
						{"origin": [2.59521, 33.35858, -1.95654], "size": [2, 2, 0], "pivot": [3.59521, 33.85858, -1.95654], "rotation": [8.61775, -34.05444, -37.64371], "uv": [51, 16]},
						{"origin": [13.25, 36.11316, 3.10023], "size": [2, 2, 0], "pivot": [7.25, 35.86316, 1.60023], "rotation": [-90.33769, -14.97839, 97.58022], "uv": [51, 16]},
						{"origin": [8.25, 33.36022, 6.82311], "size": [1, 1, 0], "pivot": [6.75, 35.96022, 3.82311], "rotation": [-89.35257, -2.41476, 74.98635], "uv": [45, 15]},
						{"origin": [1.05, 35.54135, -2.89929], "size": [2, 1, 0], "pivot": [-1.25, 35.84135, 1.10071], "rotation": [-89.2478, -2.38422, 72.48435], "uv": [51, 16]},
						{"origin": [-5.75, 37.42859, 3.3988], "size": [1, 2, 0], "pivot": [-4, 35.92859, 3.0988], "rotation": [-89.13108, -60.03508, -80.76211], "uv": [52, 16]},
						{"origin": [-1, 28.68003, 4.88684], "size": [2, 2, 0], "pivot": [0, 29.68003, 4.88684], "rotation": [-9.6658, 2.57594, 14.78217], "uv": [51, 16]},
						{"origin": [0.07438, 39.12521, 7.0057], "size": [1, 1, 0], "pivot": [2.17438, 35.82521, 5.6057], "rotation": [-177.78217, 1.15408, -27.47766], "uv": [51, 16]},
						{"origin": [-8.59435, 29.5358, -2.77098], "size": [1, 2, 0], "pivot": [-4.79435, 30.5358, -2.17098], "rotation": [-90.74628, 29.91282, -105.35854], "uv": [51, 16]},
						{"origin": [-3.95548, 33.99245, -0.8423], "size": [1, 1, 0], "pivot": [-3.45548, 34.49245, -0.8423], "rotation": [-89.35249, -2.58492, -75.04284], "uv": [52, 16]},
						{"origin": [-5.38015, 31.70158, -2.66107], "size": [1, 1, 0], "pivot": [-4.88015, 32.20158, -2.66107], "rotation": [-70.1325, -51.62249, 29.75504], "uv": [51, 16]},
						{"origin": [-6.02374, 28.74635, 2.43063], "size": [2, 2, 0], "pivot": [-5.27374, 30.04635, 2.43063], "rotation": [121.69365, 34.69042, -96.6471], "uv": [51, 16]}
					]
				},
				{
					"name": "horn",
					"parent": "armorHead",
					"pivot": [-4, 31, 0.125],
					"rotation": [0, 15, 0],
					"cubes": [
						{"origin": [-6, 26.25, 4], "size": [5.5, 1.25, 1.25], "pivot": [-3.75, 27.125, 4.125], "rotation": [0, -27.5, 15], "uv": [20, 28]},
						{"origin": [-4.68864, 36.51551, -0.65], "size": [3, 1, 1.25], "pivot": [-5.06364, 35.71551, -2.625], "rotation": [43.59336, -5.61676, 115.59654], "uv": [16, 25]},
						{"origin": [-8.73937, 28.47969, 0.25], "size": [6.25, 1.25, 1], "pivot": [-5.48937, 28.85469, 1.125], "rotation": [-109.8255, -52.0392, 107.15511], "uv": [7, 22]},
						{"origin": [-10.49594, 38.82921, 3.85], "size": [3.75, 1.25, 1.05], "pivot": [-10.74594, 33.45421, 0.125], "rotation": [-83.19533, 74.90578, 9.6335], "uv": [25, 20]},
						{"origin": [-4.97342, 28.65227, -2.70603], "size": [1.55, 1.15, 0.85], "pivot": [-4.19842, 29.17727, -2.28103], "rotation": [-21.63402, -45.41054, 100.77241], "uv": [16, 25]},
						{"origin": [-7.22138, 27.18966, 4.25], "size": [5, 1.25, 1.25], "pivot": [-3.72138, 27.81466, 5.125], "rotation": [-17.85886, -11.87385, 50.61158], "uv": [8, 22]},
						{"origin": [-7.06152, 30.86557, 2.52915], "size": [4.25, 1.25, 1], "pivot": [-4.93652, 31.49057, 3.02915], "rotation": [-13.28982, -46.03805, 118.16723], "uv": [16, 25]}
					]
				},
				{
					"name": "horn3",
					"parent": "armorHead",
					"pivot": [4, 31, 0.125],
					"rotation": [0, -15, 0],
					"cubes": [
						{"origin": [0.5, 26.25, 4], "size": [5.5, 1.25, 1.25], "pivot": [3.75, 27.125, 4.125], "rotation": [0, 27.5, -15], "uv": [20, 16], "mirror": true},
						{"origin": [4.93864, 34.26551, 0], "size": [4.25, 1, 1], "pivot": [7.56364, 31.71551, 0.625], "rotation": [-15.69753, 20.94353, -103.66292], "uv": [16, 25], "mirror": true},
						{"origin": [2.48937, 28.72969, 0.25], "size": [6.25, 1.25, 1], "pivot": [5.48937, 28.85469, 1.125], "rotation": [-109.8255, 52.0392, -107.15511], "uv": [8, 24], "mirror": true},
						{"origin": [4.44594, 33.57921, -0.4], "size": [1.75, 1, 1], "pivot": [4.94594, 33.20421, 0.475], "rotation": [-34.41331, 42.22803, -129.81453], "uv": [25, 20], "mirror": true},
						{"origin": [2.93864, 33.86551, -0.75], "size": [1.5, 1, 1], "pivot": [3.81364, 33.96551, -0.375], "rotation": [-26.33844, -8.64738, -100.27269], "uv": [27, 18], "mirror": true},
						{"origin": [-0.88431, 30.46627, 3.5], "size": [6, 1.25, 1.25], "pivot": [6.01569, 31.09127, 5.125], "rotation": [4.6653, 16.88547, -39.30716], "uv": [8, 22], "mirror": true},
						{"origin": [2.37595, 32.54463, 3.25], "size": [2.25, 1.25, 1.25], "pivot": [5.20095, 32.66963, 4.125], "rotation": [-5, 12.5, -95], "uv": [16, 25], "mirror": true}
					]
				},
				{
					"name": "horn2",
					"parent": "armorHead",
					"pivot": [-3.25, 30.25, -7.875],
					"rotation": [0, -22.5, 0],
					"cubes": [
						{"origin": [-5.25, 31.1, -3], "size": [5, 1.25, 1.25], "pivot": [-2, 32.375, -1.875], "rotation": [-102.89949, -56.6724, 118.41115], "uv": [15, 16]},
						{"origin": [-2.2984, 31.04566, 3.30474], "size": [3.25, 1, 1], "pivot": [-0.9234, 31.54566, 3.80474], "rotation": [12.79362, -12.19908, 47.25285], "uv": [16, 25]}
					]
				},
				{
					"name": "bone",
					"parent": "horn2",
					"pivot": [-12.31364, 35.64051, -9.625],
					"rotation": [0, -20, 0],
					"cubes": [
						{"origin": [5.93947, 29.22969, -11.36612], "size": [3, 1, 1], "pivot": [7.93947, 29.22969, -10.86612], "rotation": [11.69208, -48.97354, -15.33981], "uv": [7, 22]},
						{"origin": [8.04658, 30.05104, -11.71929], "size": [3.75, 1.25, 1.25], "pivot": [9.17158, 30.42604, -11.09429], "rotation": [-65.78708, -49.16429, 87.52337], "uv": [25, 20]},
						{"origin": [-0.46642, 28.76551, -3.54951], "size": [3, 0.75, 0.75], "pivot": [1.03358, 29.14051, -3.17451], "rotation": [0, 160, 0], "uv": [16, 25]}
					]
				},
				{
					"name": "bone2",
					"parent": "bone",
					"pivot": [-11.67094, 33.17921, -9.85],
					"rotation": [37.5, 0, 0],
					"cubes": [
						{"origin": [-1.69356, 31.10757, -8.97385], "size": [1.25, 0.75, 0.75], "pivot": [-1.06856, 31.48257, -8.09885], "rotation": [-53.17816, 1.32185, 33.40396], "uv": [16, 25]},
						{"origin": [-1.00478, 32.84541, -9.61213], "size": [2, 1.25, 1.25], "pivot": [0.09522, 33.57041, -8.98713], "rotation": [-20.35844, -13.63305, -83.30132], "uv": [7, 24]}
					]
				},
				{
					"name": "horn4",
					"parent": "armorHead",
					"pivot": [3.25, 30.25, -7.875],
					"rotation": [0, 22.5, 0],
					"cubes": [
						{"origin": [0.15, 31.3, -3.1], "size": [5, 1.25, 1.25], "pivot": [2, 32.375, -1.875], "rotation": [-102.89949, 56.6724, -118.41115], "uv": [15, 16], "mirror": true},
						{"origin": [-0.63051, 32.78883, -3.5], "size": [3.5, 0.75, 0.75], "pivot": [2.24449, 33.16383, -2.875], "rotation": [17.5, 47.5, -85], "uv": [16, 25], "mirror": true}
					]
				},
				{
					"name": "bone3",
					"parent": "horn4",
					"pivot": [12.31364, 35.64051, -9.625],
					"rotation": [0, 20, 0],
					"cubes": [
						{"origin": [1.0054, 31.23115, -6.12375], "size": [1.25, -0.75, -0.75], "pivot": [1.6304, 30.85615, -6.49875], "rotation": [-19.20233, 40.35494, -45.74421], "uv": [25, 20], "mirror": true},
						{"origin": [-1.59653, 30.17667, -6.02961], "size": [3.25, 0.75, 0.75], "pivot": [0.77847, 30.55167, -5.65461], "rotation": [7.99782, 38.79376, -3.06088], "uv": [16, 25], "mirror": true}
					]
				},
				{
					"name": "bone4",
					"parent": "bone3",
					"pivot": [11.67094, 33.17921, -9.85],
					"rotation": [37.5, 0, 0],
					"cubes": [
						{"origin": [-8.92585, 22.94432, -6.34087], "size": [3.25, 1, 1], "pivot": [-6.30085, 24.56932, -4.21587], "rotation": [-36.33975, -37.2889, 41.42499], "uv": [16, 25], "mirror": true},
						{"origin": [-1.56633, 32.95033, -9.30716], "size": [2, 1.25, 1.25], "pivot": [-0.36633, 33.57533, -8.98216], "rotation": [24.50774, -16.54888, -97.86365], "uv": [8, 22], "mirror": true}
					]
				},
				{
					"name": "bipedBody",
					"pivot": [0, 24, 0]
				},
				{
					"name": "armorBody",
					"parent": "bipedBody",
					"pivot": [0, 24, 0],
					"cubes": [
						{"origin": [-4.3, 12, -2.3], "size": [8.6, 12.25, 4.6], "uv": [40, 48]},
						{"origin": [-4.35, 23.75, -2.45], "size": [8.7, 0.75, 4.9], "uv": [35, 24]}
					]
				},
				{
					"name": "wings",
					"parent": "armorBody",
					"pivot": [0, 24, 0]
				},
				{
					"name": "left_wing",
					"parent": "wings",
					"pivot": [1.7125, 17, 2],
					"cubes": [
						{"origin": [1.6, 17, 1.9], "size": [0.225, 11.25, 12.2], "uv": [16, 34]},
						{"origin": [1.6, 9.75, 1.9], "size": [0.225, 7.25, 12.2], "uv": [16, 45]}
					]
				},
				{
					"name": "right_wing",
					"parent": "wings",
					"pivot": [-1.4875, 17, 2],
					"cubes": [
						{"origin": [-1.575, 17, 1.9], "size": [0.175, 11.25, 12.2], "uv": [16, 34]},
						{"origin": [-1.575, 9.75, 1.9], "size": [0.175, 7.25, 12.2], "uv": [16, 45]}
					]
				},
				{
					"name": "belt",
					"parent": "armorBody",
					"pivot": [0, 13.5, -2.25],
					"cubes": [
						{"origin": [-0.7, 11.95, -2.65], "size": [1, 1, 1], "pivot": [0, 12.5, -2.05], "rotation": [0, 0, 90], "uv": [0, 27]},
						{"origin": [-0.90711, 11, -2.675], "size": [1, 1, 1], "pivot": [-0.70711, 13, -2.175], "rotation": [0, 0, 90], "uv": [0, 25]},
						{"origin": [0.075, 14.94822, -2.75], "size": [1, 1, 1], "pivot": [0, 13.32322, -2.25], "rotation": [0, 0, 90], "uv": [0, 23]},
						{"origin": [-4.35, 11.5, -2.45], "size": [8.7, 2.25, 4.8], "uv": [0, 22]}
					]
				},
				{
					"name": "necklace",
					"parent": "armorBody",
					"pivot": [0, 22.25, -11.45],
					"cubes": [
						{"origin": [0, 21.25, -1.425], "size": [1, 1, 1], "pivot": [0, 22.25, -1.45], "rotation": [0, 0, 45], "uv": [6, 17]},
						{"origin": [-4.32959, 23.42647, -3.375], "size": [9, 1, 1], "uv": [11, 26]},
						{"origin": [-2.45003, 20.59069, -1.35], "size": [1, 1, 1], "pivot": [-1.53753, 21.19069, -1.1375], "rotation": [0, 0, -93.5], "uv": [22, 26]},
						{"origin": [-2.52331, 20.58779, -1.325], "size": [1, 1, 1], "pivot": [-1.37331, 20.96279, -1.1125], "rotation": [0, 0, -121], "uv": [22, 26]},
						{"origin": [-1.30104, 20.99363, -1.375], "size": [1, 1, 1], "pivot": [-0.60104, 21.11863, -1.1875], "rotation": [0, 0, -61], "uv": [21, 27]},
						{"origin": [-2.72503, 20.24069, -1.35], "size": [1, 1, 1], "pivot": [-1.53753, 21.19069, -1.1375], "rotation": [0, 0, -93.5], "uv": [22, 26]},
						{"origin": [-2.87331, 20.38779, -1.325], "size": [1, 1, 1], "pivot": [-1.37331, 20.96279, -1.1125], "rotation": [0, 0, -121], "uv": [22, 26]},
						{"origin": [-3.19831, 20.11279, -1.325], "size": [1, 1, 1], "pivot": [-1.37331, 20.96279, -1.1125], "rotation": [0, 0, -121], "uv": [22, 26]},
						{"origin": [-2.90003, 19.84069, -1.35], "size": [1, 1, 1], "pivot": [-1.53753, 21.19069, -1.1375], "rotation": [0, 0, -93.5], "uv": [22, 26]},
						{"origin": [-1.05481, 20.76382, -1.375], "size": [1, 1, 1], "pivot": [-0.22981, 20.88882, -1.1875], "rotation": [0, 0, -61], "uv": [22, 29]},
						{"origin": [-0.69519, 20.76382, -1.375], "size": [1, 1, 1], "pivot": [0.22981, 20.88882, -1.1875], "rotation": [0, 0, 61], "uv": [22, 29]},
						{"origin": [1.20003, 19.84069, -1.35], "size": [1, 1, 1], "pivot": [1.53753, 21.19069, -1.1375], "rotation": [0, 0, 93.5], "uv": [22, 26]},
						{"origin": [1.47331, 20.11279, -1.325], "size": [1, 1, 1], "pivot": [1.37331, 20.96279, -1.1125], "rotation": [0, 0, 121], "uv": [22, 26]},
						{"origin": [1.14831, 20.38779, -1.325], "size": [1, 1, 1], "pivot": [1.37331, 20.96279, -1.1125], "rotation": [0, 0, 121], "uv": [22, 26]},
						{"origin": [1.02503, 20.24069, -1.35], "size": [1, 1, 1], "pivot": [1.53753, 21.19069, -1.1375], "rotation": [0, 0, 93.5], "uv": [22, 26]},
						{"origin": [-0.24896, 20.99363, -1.375], "size": [1, 1, 1], "pivot": [0.60104, 21.11863, -1.1875], "rotation": [0, 0, 61], "uv": [21, 27]},
						{"origin": [0.12959, 21.27647, -1.375], "size": [1, 1, 1], "pivot": [0.95459, 21.40147, -1.1875], "rotation": [0, 0, 61], "uv": [19, 27]},
						{"origin": [-1.37675, 17.57813, -2.6], "size": [7, 7, 1], "pivot": [-0.12675, 19.07813, -2.85], "rotation": [0, 0, -45], "uv": [16, 7]},
						{"origin": [0.79831, 20.58779, -1.325], "size": [1, 1, 1], "pivot": [1.37331, 20.96279, -12.1125], "rotation": [0, 0, 121], "uv": [22, 26]},
						{"origin": [-2.92678, 20.44706, -3.275], "size": [6, 6, 1], "pivot": [0.07322, 23.44706, 8.225], "rotation": [0, 0, 45], "uv": [0, 0], "mirror": true},
						{"origin": [-2.19697, 18.35598, -2.975], "size": [7, 7, 0], "pivot": [0.05303, 20.60598, -2.175], "rotation": [0, 0, -45], "uv": [0, 7]}
					]
				},
				{
					"name": "bipedRightArm",
					"pivot": [-4, 22, 0]
				},
				{
					"name": "armorRightArm",
					"parent": "bipedRightArm",
					"pivot": [-4, 22, 0],
					"cubes": [
						{"origin": [-8.35, 14, -2.375], "size": [4.65, 2, 4.725], "uv": [47, 0]},
						{"origin": [-8.35, 18, -2.375], "size": [4.65, 2, 4.725], "uv": [48, 0]},
						{"origin": [-8.45, 22.25, -2.225], "size": [4.525, 3.95, 4.525], "uv": [0, 23]},
						{"origin": [-8.55, 14.25, -0.525], "size": [0.325, 8, 1.125], "uv": [0, 18]},
						{"origin": [-8.525, 22, -2.475], "size": [5.025, 4.25, 5.025], "uv": [41, 31], "mirror": true},
						{"origin": [-4.675, 17.75, -2.575], "size": [1.075, 4.25, 0.1], "uv": [37, 22], "mirror": true},
						{"origin": [-5.675, 19.75, -2.475], "size": [1.075, 2.25, 0.1], "uv": [37, 22], "mirror": true},
						{"origin": [-7.675, 16.75, -2.575], "size": [2.075, 5.25, 0.1], "uv": [37, 22], "mirror": true},
						{"origin": [-8.675, 18.75, -2.475], "size": [1.075, 3.25, 0.2], "uv": [37, 22], "mirror": true},
						{"origin": [-6.675, 18, -5.025], "size": [0.825, 4.25, 0.1], "pivot": [-6.0125, 19.875, -2.275], "rotation": [0, 90, 0], "uv": [32, 8]},
						{"origin": [-7.675, 17, -5.025], "size": [1.075, 5.25, 0.1], "pivot": [-6.0125, 19.875, -2.275], "rotation": [0, 90, 0], "uv": [37, 22], "mirror": true},
						{"origin": [-9.675, 19, -5.025], "size": [2.075, 3.25, 0.1], "pivot": [-6.0125, 19.875, -2.275], "rotation": [0, 90, 0], "uv": [37, 22], "mirror": true},
						{"origin": [-10.675, 18, -5.025], "size": [1.075, 4.25, 0.1], "pivot": [-6.0125, 19.875, -2.275], "rotation": [0, 90, 0], "uv": [37, 22], "mirror": true},
						{"origin": [-4.575, 17.75, 2.475], "size": [1.075, 4.25, 0.1], "uv": [37, 22], "mirror": true},
						{"origin": [-5.675, 19.75, 2.475], "size": [1.075, 2.25, 0.1], "uv": [37, 22], "mirror": true},
						{"origin": [-7.675, 16.75, 2.475], "size": [2.075, 5.25, 0.1], "uv": [37, 22], "mirror": true},
						{"origin": [-8.675, 18.75, 2.475], "size": [1.075, 3.25, 0.1], "uv": [37, 22], "mirror": true}
					]
				},
				{
					"name": "bipedLeftArm",
					"pivot": [4, 22, 0]
				},
				{
					"name": "armorLeftArm",
					"parent": "bipedLeftArm",
					"pivot": [4, 22, 0],
					"cubes": [
						{"origin": [8.425, 14.25, -0.525], "size": [0.325, 8, 1.125], "uv": [11, 19], "mirror": true},
						{"origin": [3.925, 22.25, -2.225], "size": [4.525, 3.95, 4.525], "uv": [0, 23], "mirror": true},
						{"origin": [3.7, 14, -2.375], "size": [4.65, 2, 4.725], "uv": [47, 0], "mirror": true},
						{"origin": [3.7, 18, -2.375], "size": [4.65, 2, 4.725], "uv": [48, 0], "mirror": true},
						{"origin": [7.8, 18.75, -2.575], "size": [1.075, 4.25, 0.1], "uv": [37, 22]},
						{"origin": [5.8, 18.75, -2.675], "size": [2.075, 3.25, 0.1], "uv": [37, 22]},
						{"origin": [4.8, 16.75, -2.475], "size": [1.075, 5.25, 0.2], "uv": [37, 22]},
						{"origin": [3.8, 17.75, -2.575], "size": [1.075, 4.25, 0.1], "uv": [37, 22]},
						{"origin": [3.675, 22, -2.475], "size": [5.025, 4.25, 5.025], "uv": [33, 26], "mirror": true},
						{"origin": [6.875, 19, -5.125], "size": [2, 3, 0.1], "pivot": [6.2125, 19.875, -2.275], "rotation": [0, -90, 0], "uv": [41, 24]},
						{"origin": [-1.2, 19, -13.225], "size": [2.075, 3.25, 0.1], "pivot": [-1.7875, 19.875, -2.275], "rotation": [0, -90, 0], "uv": [37, 22]},
						{"origin": [8.8, 19.75, -5.025], "size": [2.075, 3.25, 0.1], "pivot": [6.2125, 19.875, -2.275], "rotation": [0, -90, 0], "uv": [45, 19]},
						{"origin": [9.8, 18, -5.025], "size": [1.075, 4.25, 0.1], "pivot": [6.2125, 19.875, -2.275], "rotation": [0, -90, 0], "uv": [37, 22]},
						{"origin": [7.8, 17.75, 2.475], "size": [1.075, 4.25, 0.1], "uv": [37, 22]},
						{"origin": [4.8, 16.75, 2.475], "size": [1.075, 5.25, 0.1], "uv": [37, 22]},
						{"origin": [3.8, 17.75, 2.475], "size": [1.075, 4.25, 0.1], "uv": [37, 22]}
					]
				},
				{
					"name": "bipedRightLeg",
					"pivot": [-2, 12, 0]
				},
				{
					"name": "armorRightLeg",
					"parent": "bipedRightLeg",
					"pivot": [-2, 12, 0],
					"cubes": [
						{"origin": [-1.325, 9.5, -2.475], "size": [1.075, 2.25, 0.1], "uv": [37, 22], "mirror": true},
						{"origin": [-3.325, 6.5, -2.475], "size": [2.075, 5.25, 0.1], "uv": [37, 22], "mirror": true},
						{"origin": [-4.325, 8.5, -2.475], "size": [1.075, 3.25, 0.1], "uv": [37, 22], "mirror": true},
						{"origin": [-1.325, 9.5, 2.325], "size": [1.075, 2.25, 0.1], "uv": [37, 22]},
						{"origin": [-3.325, 6.5, 2.325], "size": [2.075, 5.25, 0.1], "uv": [37, 22]},
						{"origin": [-4.325, 8.5, 2.325], "size": [1.075, 3.25, 0.1], "uv": [37, 22]},
						{"origin": [-4.25, 0, -2.35], "size": [4.5, 12, 4.625], "uv": [0, 48]},
						{"origin": [-4.375, 0, -1.25], "size": [0.125, 11.5, 2.75], "uv": [0, 16]}
					]
				},
				{
					"name": "armorRightBoot",
					"parent": "bipedRightLeg",
					"pivot": [-2, 12, 0],
					"cubes": [
						{"origin": [-4.5, -0.401, -3], "size": [4.9, 3.4, 5.55], "uv": [0, 21]}
					]
				},
				{
					"name": "bipedLeftLeg",
					"pivot": [2, 12, 0]
				},
				{
					"name": "armorLeftLeg",
					"parent": "bipedLeftLeg",
					"pivot": [2, 12, 0],
					"cubes": [
						{"origin": [-0.25, 0, -2.35], "size": [4.5, 12, 4.625], "uv": [0, 48], "mirror": true},
						{"origin": [3.175, 7.5, -2.476], "size": [1.075, 4.25, 0.1], "uv": [37, 22]},
						{"origin": [2.175, 9.5, -2.476], "size": [1.075, 2.25, 0.1], "uv": [37, 22]},
						{"origin": [0.175, 6.5, -2.476], "size": [2.075, 5.25, 0.1], "uv": [37, 22]},
						{"origin": [3.175, 7.5, 2.326], "size": [1.075, 4.25, 0.1], "uv": [37, 22], "mirror": true},
						{"origin": [2.175, 9.5, 2.226], "size": [1.075, 2.25, 0.1], "uv": [37, 22], "mirror": true},
						{"origin": [0.175, 6.5, 2.326], "size": [2.075, 5.25, 0.1], "uv": [37, 22], "mirror": true},
						{"origin": [4.25, 0, -1.25], "size": [0.125, 11.5, 2.75], "uv": [0, 17], "mirror": true}
					]
				},
				{
					"name": "armorLeftBoot",
					"parent": "bipedLeftLeg",
					"pivot": [2, 12, 0],
					"cubes": [
						{"origin": [-0.4, -0.401, -3], "size": [4.9, 3.4, 5.55], "uv": [5, 19], "mirror": true}
					]
				},
				{
					"name": "PlayerSkinReference",
					"pivot": [0, 24, 0]
				},
				{
					"name": "Head",
					"parent": "PlayerSkinReference",
					"pivot": [0, 24, 0]
				},
				{
					"name": "Body",
					"parent": "PlayerSkinReference",
					"pivot": [0, 24, 0]
				},
				{
					"name": "RightArm",
					"parent": "PlayerSkinReference",
					"pivot": [-5, 22, 0]
				},
				{
					"name": "LeftArm",
					"parent": "PlayerSkinReference",
					"pivot": [5, 22, 0]
				},
				{
					"name": "RightLeg",
					"parent": "PlayerSkinReference",
					"pivot": [-1.9, 12, 0]
				},
				{
					"name": "LeftLeg",
					"parent": "PlayerSkinReference",
					"pivot": [1.9, 12, 0]
				}
			]
		}
	]
}